{
  "products": [
    {
      "id": 1,
      "name": "Nồi chiên không dầu Sunhouse SHD4026 6 lít ",
      "price": 1.555,
      "description": "Xuất xứ: Việt Nam\nDung tích sử dụng: 6lít\nChất liệu nồi: Lòng nồi thép phủ chống dính,Vỏ nhựa và inox\nCông nghệ: RapidAir\ncông suất: 1750W\nNăm sản xuất: 2021\nHãng: Sunhouse ",
      "quantity": 1,
      "salePrice":1.399,
      "img": "https://tse4.mm.bing.net/th?id=OIP.dJk__gCnotBOqQrQRC67ggHaFj&pid=Api&P=0&h=220"
    },
    {
      "id": 2,
      "name": "Tủ Lạnh 4 Cửa với All-Around Cooling, 649L",
      "price": 30.899,
      "description": "Hãng: Samsung\nModel: Iphone36\nCông suất tiêu chuẩn: 0.85(kW.h24h)\nTổng dung tích: 650L\nKích thước: 794 x 1.800 x 680mm",
      "quantity": 1,
      "salePrice":29.399,
      "img": "https://tse4.mm.bing.net/th?id=OIP.No_14lmpHLWPJBKb68kWLgHaE8&pid=Api&P=0&h=220"
    },
    {
      "id": 3,
      "name": "BỘ NỒI INOX 5 ĐÁY SUNHOUSE SH780",
      "price": 1.499,
      "description":"Hãng: Sunhouse\nXuất xứ: Việt Nam\nBảo hành: 12 tháng\nChất liệu: Inox ",
      "quantity": 1,
      "salePrice":1.099,
      "img": "https://tse4.mm.bing.net/th?id=OIP.1-aoKyhXjmcz8FTiiCohBgHaHa&pid=Api&P=0&h=220"
    },
    {
      "id": 4,
      "name": "Bếp điện từ đơn Kangaroo KG20IH10 ",
      "price": 1.895,
      "description": "Công suất vùng nấu: 2000/2200W\nChất liệu mặt bếp: Kính Ceramic\nBảng điều khiển: Cảm ứng\nTiện ích: Chức năng làm nóng nhanh\nCó hẹn giờ\nCông nghệ Inverter tiết kiệm điện\nKích thước: 68x41cm\nHãng: Kangaroo ",
      "quantity": 1,
      "salePrice":1.599,
      "img": "https://images.fpt.shop/unsafe/fit-in/214x214/filters:quality(90):fill(white)/fptshop.com.vn/Uploads/Originals/2023/7/14/638249534647678216_bep-dien-tu-don-kangaroo-kg20ic1-kem-noi-dd.jpg"
    },
    {
      "id": 5,
      "name": "Máy lọc không khí",
      "price": 3.599,
      "description": "Lọc không khí 360˚\nHệ thống đa bộ lọc\nClean Booster\nChế độ thú cưng PetCare\nChống dị ứng AllergyCare\nĐèn báo và cảm biến thông minh",
      "quantity": 1,
      "salePrice":3.399,
      "img":"https://novadigital.net/wp-content/uploads/15-33.jpg"
    },
    {
      "id": 6,
      "name": "Máy hút mùi",
      "price":1.999 ,
      "description": "Máy hút mùi kính vát Bosch\nCông suất hút 669m3/h\nĐiều khiển cảm ứng\nĐộ ồn tối đa chỉ 60dB\nLưới lọc thép không gỉ,đèn LED\nỐng thoát khí 15cm",
      "quantity": 1,
      "salePrice":1.699,
      "img":"https://tse2.mm.bing.net/th?id=OIP.lKJvDwgyw0EogDN7wAWoKAHaHa&pid=Api&P=0&h=220"
      
    }
  ],
  
  "categories": [
    {
      "id": 1,
      "name": "Nồi chiên không dầu"
    },
    {
      "id": 2,
      "name": "Tủ Lạnh"
    },
    {
      "id": 3,
      "name": "BỘ NỒI"
    },
    {
      "id": 4,
      "name": "Bếp điện từ"
    }
  ],
  "users": [
    {
      "id": "398132b3-19cd-4a3c-892e-80ad255b102e",
      "username": "khanh",
      "password": "1"
    },
    {
      "id": "6ed9f7a7-017c-48e1-8356-a9a3fcea38f6",
      "username": "duy",
      "password": "1"
    }
  
   
  ]
}